"details"
"Benton, John B Jr 504-621-8927 504-845-1427 jbutt@gmail.com 70116 http://www.bentonjohnbjr.com"
"Chanay, Jeffrey A Esq 810-292-9388 810-374-9840 josephine_darakjy@darakjy.org 48116 http://www.chanayjeffreyaesq.com"
"Chemel, James L Cpa 856-636-8749 856-264-4130 art@venere.org 8014 http://www.chemeljameslcpa.com"
"Feltz Printing Service 907-385-4412 907-921-2010 lpaprocki@hotmail.com 99501 http://www.feltzprintingservice.com"
"Printing Dimensions 513-570-1893 513-549-4561 donette.foller@cox.net 45011 http://www.printingdimensions.com"
"Chapman, Ross E Esq 419-503-2484 419-800-6759 simona@morasca.com 44805 http://www.chapmanrosseesq.com"
"Morlong Associates 773-573-6914 773-924-8565 mitsue_tollner@yahoo.com 60632 http://www.morlongassociates.com"
"Commercial Press 408-752-3500 408-813-1105 leota@hotmail.com 95111 http://www.commercialpress.com"
"Truhlar And Truhlar Attys 605-414-2147 605-794-4895 sage_wieser@cox.net 57105 http://www.truhlarandtruhlarattys.com"
"King, Christopher A Esq 410-655-8723 410-804-4694 kris@gmail.com 21224 http://www.kingchristopheraesq.com"
"Dorl, James J Esq 215-874-1229 215-422-8694 minna_amigon@yahoo.com 19443 http://www.dorljamesjesq.com"
"Rangoni Of Florence 631-335-3414 631-677-3675 amaclead@gmail.com 11953 http://www.rangoniofflorence.com"
"Feiner Bros 310-498-5651 310-254-3084 kiley.caldarera@aol.com 90034 http://www.feinerbros.com"
"Buckley Miller & Wright 440-780-8425 440-579-7763 gruta@cox.net 44023 http://www.buckleymillerwright.com"
"Rousseaux, Michael Esq 956-537-6195 956-841-7216 calbares@gmail.com 78045 http://www.rousseauxmichaelesq.com"
"Century Communications 602-277-4385 602-953-6360 mattie@aol.com 85013 http://www.centurycommunications.com"
"Bolton, Wilbur Esq 931-313-9635 931-235-7959 meaghan@hotmail.com 37110 http://www.boltonwilburesq.com"
"T M Byxbee Company Pc 414-661-9598 414-377-2880 gladys.rim@rim.org 53207 http://www.tmbyxbeecompanypc.com"
"Farmers Insurance Group 313-288-7937 313-341-4470 yuki_whobrey@aol.com 48180 http://www.farmersinsurancegroup.com"
"Post Box Services Plus 815-828-2147 815-426-5657 fletcher.flosi@yahoo.com 61109 http://www.postboxservicesplus.com"
"Sport En Art 610-545-3615 610-492-4643 bette_nicka@cox.net 19014 http://www.sportenart.com"
"C 4 Network Inc 408-540-1785 408-813-4592 vinouye@aol.com 95111 http://www.cnetworkinc.com"
"Ingalls, Donald R Esq 972-303-9197 972-896-4882 willard@hotmail.com 75062 http://www.ingallsdonaldresq.com"
"Franklin, Peter L Esq 518-966-7987 518-448-8982 mroyster@royster.com 12204 http://www.franklinpeterlesq.com"
"Wtlz Power 107 Fm 732-658-3154 732-635-3453 alisha@slusarski.com 8846 http://www.wtlzpowerfm.com"
"Ledecky, David Esq 715-662-6764 715-530-9863 allene_iturbide@cox.net 54481 http://www.ledeckydavidesq.com"
"Professional Image Inc 913-388-2079 913-899-1103 chanel.caudy@caudy.org 66218 http://www.professionalimageinc.com"
"Sider, Donald C Esq 410-669-1642 410-235-8738 ezekiel@chui.com 21601 http://www.siderdonaldcesq.com"
"U Pull It 212-582-4976 212-934-5167 wkusko@yahoo.com 10011 http://www.upullit.com"
"Clark, Richard Cpa 936-336-3951 936-597-3614 bfigeroa@aol.com 77301 http://www.clarkrichardcpa.com"
"Moskowitz, Barry S 614-801-9788 614-648-3265 ammie@corrio.com 43215 http://www.moskowitzbarrys.com"
"Cascade Realty Advisors Inc 505-977-3911 505-335-5293 francine_vocelka@vocelka.com 88011 http://www.cascaderealtyadvisorsinc.com"
"Knwz Newsradio 201-709-6245 201-387-9093 ernie_stenseth@aol.com 7660 http://www.knwznewsradio.com"
"Giampetro, Anthony D 732-924-7882 732-782-6701 albina@glick.com 8812 http://www.giampetroanthonyd.com"
"Milford Enterprises Inc 212-860-1579 212-753-2740 asergi@gmail.com 10025 http://www.milfordenterprisesinc.com"
"Mosocco, Ronald A 504-979-9175 504-265-8174 solange@shinko.com 70002 http://www.mosoccoronalda.com"
"Tri State Refueler Co 212-675-8570 212-569-4233 jose@yahoo.com 10011 http://www.tristaterefuelerco.com"
"Parkway Company 805-832-6163 805-609-1531 rozella.ostrosky@ostrosky.com 93012 http://www.parkwaycompany.com"
"Fbs Business Finance 210-812-9597 210-300-6244 valentine_gillian@gmail.com 78204 http://www.fbsbusinessfinance.com"
"Eder Assocs Consltng Engrs Pc 785-463-7829 785-219-7724 kati.rulapaugh@hotmail.com 67410 http://www.ederassocsconsltngengrspc.com"
"Tri M Tool Inc 541-548-8197 541-993-2611 youlanda@aol.com 97754 http://www.trimtoolinc.com"
"International Eyelets Inc 913-413-4604 913-645-8918 doldroyd@aol.com 66204 http://www.internationaleyeletsinc.com"
"Rapid Trading Intl 907-231-4722 907-335-6568 roxane@hotmail.com 99708 http://www.rapidtradingintl.com"
"Abc Enterprises Inc 305-606-7291 305-995-2078 lperin@perin.org 33196 http://www.abcenterprisesinc.com"
"Cindy Turner Associates 907-741-1044 907-227-6777 erick.ferencz@aol.com 99712 http://www.cindyturnerassociates.com"
"Stanton, James D Esq 952-768-2416 952-479-2375 fsaylors@saylors.org 55343 http://www.stantonjamesdesq.com"
"Grace Pastries Inc 617-399-5124 617-997-5771 jina_briddick@briddick.com 2128 http://www.gracepastriesinc.com"
"Schroer, Gene E Esq 323-453-2780 323-315-7314 kanisha_waycott@yahoo.com 90006 http://www.schroergeneeesq.com"
"Knights Inn 608-336-7444 608-658-7940 emerson.bowley@bowley.org 53711 http://www.knightsinn.com"
"Bollinger Mach Shp & Shipyard 215-907-9111 215-794-4519 bmalet@yahoo.com 19132 http://www.bollingermachshpshipyard.com"
"Orinda News 212-402-9216 212-617-5063 bbolognia@yahoo.com 10003 http://www.orindanews.com"
"Ballard Spahr Andrews 931-875-6644 931-303-6041 lnestle@hotmail.com 37388 http://www.ballardspahrandrews.com"
"Lowy Limousine Service 803-925-5213 803-681-3678 sabra@uyetake.org 29201 http://www.lowylimousineservice.com"
"Vicon Corporation 610-814-5533 610-379-7125 mmastella@mastella.com 19087 http://www.viconcorporation.com"
"Rossi, Michael M 908-877-6135 908-470-4661 karl_klonowski@yahoo.com 8822 http://www.rossimichaelm.com"
"Northwest Publishing 516-968-6051 516-333-4861 twenner@aol.com 11590 http://www.northwestpublishing.com"
"Branford Wire & Mfg Co 215-934-8655 215-329-6386 amber_monarrez@monarrez.org 19046 http://www.branfordwiremfgco.com"
"East Coast Marketing 818-423-4007 818-749-8650 shenika@gmail.com 91405 http://www.eastcoastmarketing.com"
"Wye Technologies Inc 401-458-2547 401-559-8961 delmy.ahle@hotmail.com 2909 http://www.wyetechnologiesinc.com"
"Healy, George W Iv 215-211-9589 215-417-9563 deeanna_juhas@gmail.com 19006 http://www.healygeorgewiv.com"
"Alpenlite Inc 401-960-8259 401-300-8122 bpugh@aol.com 2904 http://www.alpenliteinc.com"
"Hubbard, Bruce Esq 732-234-1546 732-904-2931 jamal@vanausdal.org 8831 http://www.hubbardbruceesq.com"
"Arthur A Oliver & Son Inc 512-486-3817 512-861-3814 cecily@hollack.org 78731 http://www.arthuraoliversoninc.com"
"George Jessop Carter Jewelers 303-724-7371 303-874-5160 carmelina_lindall@lindall.com 80126 http://www.georgejessopcarterjewelers.com"
"Schultz, Thomas C Md 414-748-1374 414-573-7719 maurine_yglesias@yglesias.com 53214 http://www.schultzthomascmd.com"
"H H H Enterprises Inc 212-674-9610 212-462-9157 tawna@gmail.com 10009 http://www.hhhenterprisesinc.com"
"Hawaiian King Hotel 907-797-9628 907-873-2882 penney_weight@aol.com 99515 http://www.hawaiiankinghotel.com"
"Killion Industries 814-393-5571 814-420-3553 elly_morocco@gmail.com 16502 http://www.killionindustries.com"
"Robinson, William J Esq 410-914-9018 410-937-4543 ilene.eroman@hotmail.com 21061 http://www.robinsonwilliamjesq.com"
"Private Properties 208-862-5339 208-737-8439 vmondella@mondella.com 83707 http://www.privateproperties.com"
"Rowley Schlimgen Inc 415-315-2761 415-604-7609 kallie.blackwood@gmail.com 94104 http://www.rowleyschlimgeninc.com"
"Forging Specialties 919-225-9345 919-715-3791 johnetta_abdallah@aol.com 27514 http://www.forgingspecialties.com"
"Smits, Patricia Garity 650-528-5783 650-811-9032 brhym@rhym.com 94070 http://www.smitspatriciagarity.com"
"H Lee Leonard Attorney At Law 925-647-3298 925-522-7798 micaela_rhymes@gmail.com 94520 http://www.hleeleonardattorneyatlaw.com"
"A K Construction Co 740-343-8575 740-526-5410 tamar@hotmail.com 43140 http://www.akconstructionco.com"
"Ambelang, Jessica M Md 585-866-8313 585-498-4278 moon@yahoo.com 14895 http://www.ambelangjessicammd.com"
"Q A Service 410-520-4832 410-957-6903 laurel_reitler@reitler.com 21215 http://www.qaservice.com"
"Wood & Whitacre Contractors 973-354-2040 973-847-9611 delisa.crupi@crupi.com 7105 http://www.woodwhitacrecontractors.com"
"Mark Iv Press Ltd 773-446-5569 773-352-3437 viva.toelkes@gmail.com 60647 http://www.markivpressltd.com"
"Museum Of Science & Industry 973-927-3447 973-796-3667 elza@yahoo.com 7104 http://www.museumofscienceindustry.com"
"Garrison Ind 505-975-8559 505-950-1763 devorah@hotmail.com 88101 http://www.garrisonind.com"
"Saronix Nymph Products 718-332-6527 718-654-7063 timothy_mulqueen@mulqueen.org 10309 http://www.saronixnymphproducts.com"
"Smc Inc 904-775-4480 904-514-9918 ahoneywell@honeywell.com 32254 http://www.smcinc.com"
"E A I Electronic Assocs Inc 510-993-3758 510-901-7640 dominque.dickerson@dickerson.org 94545 http://www.eaielectronicassocsinc.com"
"Conte, Christopher A Esq 216-657-7668 216-733-8494 lettie_isenhower@yahoo.com 44122 http://www.contechristopheraesq.com"
"Anker Law Office 817-914-7518 817-451-3518 mmunns@cox.net 76040 http://www.ankerlawoffice.com"
"Beutelschies & Company 310-774-7643 310-968-1219 stephaine@barfield.com 90247 http://www.beutelschiescompany.com"
"Fligg, Kenneth I Jr 847-728-7286 847-957-4614 lai.gato@gato.org 60201 http://www.fliggkennethijr.com"
"Sharp, J Daniel Esq 330-537-5358 330-700-2312 stephen_emigh@hotmail.com 44302 http://www.sharpjdanielesq.com"
"Assink, Anne H Esq 215-255-1641 215-228-8264 tshields@gmail.com 19106 http://www.assinkannehesq.com"
"Jewel My Shop Inc 650-803-1936 650-216-5075 twardrip@cox.net 94010 http://www.jewelmyshopinc.com"
"Chinese Translation Resources 626-572-1096 626-696-2777 cory.gibes@gmail.com 91776 http://www.chinesetranslationresources.com"
"Stevens, Charles T 254-782-8569 254-205-1422 danica_bruschke@gmail.com 76708 http://www.stevenscharlest.com"
"Mclaughlin, Luther W Cpa 907-870-5536 907-914-9482 wilda@cox.net 99501 http://www.mclaughlinlutherwcpa.com"
"Tree Musketeers 408-703-8505 408-440-8447 elvera.benimadho@cox.net 95110 http://www.treemusketeers.com"
"Springfield Div Oh Edison Co 510-503-7169 510-452-4835 carma@cox.net 94577 http://www.springfielddivohedisonco.com"
"Logan Memorial Hospital 317-722-5066 317-472-2412 malinda.hochard@yahoo.com 46202 http://www.loganmemorialhospital.com"
"Kelly, Charles G Esq 307-704-8713 307-279-3793 natalie.fern@hotmail.com 82901 http://www.kellycharlesgesq.com"
"Industrial Paper Shredders Inc 703-235-3937 703-475-7568 lisha@centini.org 22102 http://www.industrialpapershreddersinc.com"
"Beck Horizon Builders 504-710-5840 504-946-1807 arlene_klusman@gmail.com 70112 http://www.beckhorizonbuilders.com"
"Porto Cayo At Hawks Cay 303-301-4946 303-521-9860 alease@buemi.com 80303 http://www.portocayoathawkscay.com"
"Pacific Grove Museum Ntrl Hist 510-828-7047 510-472-7758 louisa@cronauer.com 94577 http://www.pacificgrovemuseumntrlhist.com"
"Bender & Hatley Pc 808-892-7943 808-475-2310 angella.cetta@hotmail.com 96817 http://www.benderhatleypc.com"
"Di Cristina J & Son 952-334-9408 952-938-9457 cgoldammer@cox.net 55337 http://www.dicristinajson.com"
"Green Goddess 336-243-5659 336-497-4407 rosio.cork@gmail.com 27263 http://www.greengoddess.com"
"American Arts & Graphics 516-509-2347 516-365-7266 ckorando@hotmail.com 11563 http://www.americanartsgraphics.com"
"Opryland Hotel 503-939-3153 503-909-7167 twana.felger@felger.org 97224 http://www.oprylandhotel.com"
"Marking Devices Pubg Co 608-976-7199 608-942-8836 estrella@aol.com 53511 http://www.markingdevicespubgco.com"
"W Tc Industries Inc 508-429-8576 508-843-1426 dkines@hotmail.com 1602 http://www.wtcindustriesinc.com"
"Whitehall Robbins Labs Divsn 305-385-9695 305-304-6573 tiffiny_steffensmeier@cox.net 33133 http://www.whitehallrobbinslabsdivsn.com"
"Sampler 814-460-2655 814-299-2877 emiceli@miceli.org 16502 http://www.sampler.com"
"Juno Chefs Incorporated 972-666-3413 972-742-4000 sue@aol.com 75149 http://www.junochefsincorporated.com"
"Carroccio, A Thomas Esq 931-273-8709 931-739-1551 jshin@shin.com 37388 http://www.carroccioathomasesq.com"
"Stanley, Richard L Esq 973-649-2922 973-284-4048 rolland@cox.net 7501 http://www.stanleyrichardlesq.com"
"K Cs Cstm Mouldings Windows 305-420-8970 305-575-8481 pamella.schmierer@schmierer.org 33030 http://www.kcscstmmouldingswindows.com"
"Comfort Inn 410-224-9462 410-916-8015 gkulzer@kulzer.org 21117 http://www.comfortinn.com"
"Windsor, James L Esq 805-275-3566 805-638-6617 shawna_palaspas@palaspas.org 91362 http://www.windsorjameslesq.com"
"Jackson Shields Yeiser 808-215-6832 808-240-5168 brandon_callaro@hotmail.com 96819 http://www.jacksonshieldsyeiser.com"
"Box, J Calvin Esq 229-735-3378 229-365-9658 scarlet.cartan@yahoo.com 31701 http://www.boxjcalvinesq.com"
"Custom Engineering Inc 617-418-5043 617-697-6024 oretha_menter@yahoo.com 2210 http://www.customengineeringinc.com"
"Bresler Eitel Framg Gllry Ltd 201-672-1553 201-995-3149 tsmith@aol.com 7601 http://www.breslereitelframggllryltd.com"
"Carol, Drake Sparks Esq 650-933-5072 650-247-2625 xuan@gmail.com 94403 http://www.caroldrakesparksesq.com"
"Biltmore Investors Bank 909-639-9887 909-589-1693 lindsey.dilello@hotmail.com 91761 http://www.biltmoreinvestorsbank.com"
"Desco Equipment Corp 510-955-3016 510-755-9274 devora_perez@perez.org 94606 http://www.descoequipmentcorp.com"
"Merlin Electric Co 518-497-2940 518-931-7852 hdemesa@cox.net 12180 http://www.merlinelectricco.com"
"Bailey Cntl Co Div Babcock 570-867-7489 570-469-8401 rpapasergi@cox.net 18411 http://www.baileycntlcodivbabcock.com"
"Ford Brothers Wholesale Inc 973-245-2133 973-818-9788 talia_riopelle@aol.com 7050 http://www.fordbrotherswholesaleinc.com"
"Cambridge Inn 908-409-2890 908-448-1209 van.shire@shire.com 8867 http://www.cambridgeinn.com"
"Matricciani, Albert J Jr 321-749-4981 321-632-4668 lucina_lary@cox.net 32922 http://www.matriccianialbertjjr.com"
"Nelson Hawaiian Ltd 718-809-3762 718-478-8568 bok.isaacs@aol.com 10468 http://www.nelsonhawaiianltd.com"
"Neland Travel Agency 808-315-3077 808-526-5863 rolande.spickerman@spickerman.com 96782 http://www.nelandtravelagency.com"
"Asendorf, J Alan Esq 303-623-4241 303-692-3118 hpaulas@gmail.com 80231 http://www.asendorfjalanesq.com"
"Silberman, Arthur L Esq 973-310-1634 973-225-6259 kimbery_madarang@cox.net 7866 http://www.silbermanarthurlesq.com"
"Honey Bee Breeding Genetics & 609-524-3586 609-234-8376 thurman.manno@yahoo.com 8201 http://www.honeybeebreedinggenetics.com"
"Wells Kravitz Schnitzer 908-877-8409 908-426-8272 becky.mirafuentes@mirafuentes.com 7062 http://www.wellskravitzschnitzer.com"
"Prohab Rehabilitation Servs 508-584-4279 508-315-3867 beatriz@yahoo.com 2346 http://www.prohabrehabilitationservs.com"
"Eldridge, Kristin K Esq 773-775-4522 773-539-1058 marti.maybury@yahoo.com 60638 http://www.eldridgekristinkesq.com"
"Vlahos, John J Esq 503-527-5274 503-455-3094 nieves_gotter@gmail.com 97202 http://www.vlahosjohnjesq.com"
"Ninas Indian Grs & Videos 214-339-1809 214-225-5850 lhagele@cox.net 75227 http://www.ninasindiangrsvideos.com"
"Schmid, Gayanne K Esq 312-303-5453 312-512-2338 vklimek@klimek.org 60604 http://www.schmidgayannekesq.com"
"Moapa Valley Federal Credit Un 419-939-3613 419-254-4591 melissa@cox.net 45840 http://www.moapavalleyfederalcreditun.com"
"Kentucky Tennessee Clay Co 951-645-3605 951-248-6822 sheridan.zane@zane.com 92501 http://www.kentuckytennesseeclayco.com"
"Admiral Party Rentals & Sales 254-463-4368 254-816-8417 bulah_padilla@hotmail.com 76707 http://www.admiralpartyrentalssales.com"
"Nelson, Karolyn King Esq 615-406-7854 615-448-9249 audra@kohnert.com 37211 http://www.nelsonkarolynkingesq.com"
"Panasystems 414-959-2540 414-838-3151 dweirather@aol.com 53216 http://www.panasystems.com"
"Shank, Edward L Esq 410-387-5260 410-724-6472 fjillson@aol.com 21655 http://www.shankedwardlesq.com"
"Megibow & Edwards 972-934-6914 972-821-7118 gearldine_gellinger@gellinger.com 75061 http://www.megibowedwards.com"
"Benoff, Edward Esq 310-560-8022 310-969-7230 chau@gmail.com 90212 http://www.benoffedwardesq.com"
"Woodbridge Free Public Library 516-948-5768 516-357-3362 theola_frey@frey.com 11758 http://www.woodbridgefreepubliclibrary.com"
"New York Life John Thune 609-518-7697 609-263-9243 cheryl@haroldson.org 8401 http://www.newyorklifejohnthune.com"
"Alinabal Inc 513-508-7371 513-418-1566 lmerced@gmail.com 45203 http://www.alinabalinc.com"
"Poletto, Kim David Esq 541-326-4074 541-801-5717 carissa.batman@yahoo.com 97401 http://www.polettokimdavidesq.com"
"Chang, Carolyn Esq 919-533-3762 919-885-2453 lezlie.craghead@craghead.org 27577 http://www.changcarolynesq.com"
"Silver Bros Inc 212-332-8435 212-880-8865 oshealy@hotmail.com 10002 http://www.silverbrosinc.com"
"Newtec Inc 602-906-9419 602-277-3025 arminda@parvis.com 85017 http://www.newtecinc.com"
"Creative Business Systems 317-234-1135 317-787-5514 reita.leto@gmail.com 46240 http://www.creativebusinesssystems.com"
"Dal Tile Corporation 315-304-4759 315-640-6357 yolando@cox.net 13214 http://www.daltilecorporation.com"
"Edward S Katz 856-487-5412 856-702-3676 lizette.stem@aol.com 8002 http://www.edwardskatz.com"
"Oh My Goodknits Inc 516-212-1915 516-376-4230 gpawlowicz@yahoo.com 11530 http://www.ohmygoodknitsinc.com"
"Redeker, Debbie 501-308-1040 501-409-6072 cdeleo@deleo.com 72202 http://www.redekerdebbie.com"
"Desert Sands Motel 651-591-2583 651-776-9688 chantell@yahoo.com 55101 http://www.desertsandsmotel.com"
"Cummins Southern Plains Inc 215-325-3042 215-346-4666 dyum@yahoo.com 19134 http://www.cumminssouthernplainsinc.com"
"Lehigh Furn Divsn Lehigh 985-890-7262 985-261-5783 larae_gudroe@gmail.com 70360 http://www.lehighfurndivsnlehigh.com"
"United Van Lines Agent 631-957-7624 631-998-2102 latrice.tolfree@hotmail.com 11779 http://www.unitedvanlinesagent.com"
"Capitol Reporters 916-591-3277 916-770-7448 kerry.theodorov@gmail.com 95827 http://www.capitolreporters.com"
"Kwik Kopy Printing 208-649-2373 208-690-3315 dhidvegi@yahoo.com 83704 http://www.kwikkopyprinting.com"
"Centro Inc 512-587-5746 512-528-9933 fannie.lungren@yahoo.com 78664 http://www.centroinc.com"
"Campbell, Jan Esq 215-964-3284 215-417-5612 evangelina@aol.com 19123 http://www.campbelljanesq.com"
"Evans, C Kelly Esq 808-477-4775 808-746-1865 novella_degroot@degroot.org 96720 http://www.evansckellyesq.com"
"Scat Enterprises 775-501-8109 775-848-9135 choa@hoa.org 89502 http://www.scatenterprises.com"
"Nagle, Daniel J Esq 847-979-9545 847-800-3054 jfallick@yahoo.com 60090 http://www.nagledanieljesq.com"
"Serendiquity Bed & Breakfast 973-545-7355 973-868-8660 irma.wolfgramm@hotmail.com 7869 http://www.serendiquitybedbreakfast.com"
"Ray Carolyne Realty 864-256-3620 864-594-4578 eun@yahoo.com 29301 http://www.raycarolynerealty.com"
"Berg, Charles E 410-209-9545 410-863-8263 sylvia_cousey@cousey.org 21074 http://www.bergcharlese.com"
"Ray, Milbern D 914-855-2115 914-796-3775 nana@aol.com 10553 http://www.raymilbernd.com"
"Chadds Ford Winery 212-260-3151 212-253-7448 layla.springe@cox.net 10011 http://www.chaddsfordwinery.com"
"A R Packaging 510-677-9785 510-942-5916 joesph_degonia@degonia.org 94710 http://www.arpackaging.com"
"Corn Popper 978-697-6263 978-289-7717 annabelle.boord@cox.net 1742 http://www.cornpopper.com"
"Birite Foodservice Distr 415-767-6596 415-712-9530 stephaine@cox.net 94104 http://www.biritefoodservicedistr.com"
"Anchorage Museum Of Hist & Art 201-971-1638 201-247-8925 nelida@gmail.com 7652 http://www.anchoragemuseumofhistart.com"
"Haber, George D Md 925-634-7158 925-541-8521 marguerita.hiatt@gmail.com 94561 http://www.habergeorgedmd.com"
"Royal Pontiac Olds Inc 773-494-4195 773-297-9391 ccookey@cookey.org 60623 http://www.royalpontiacoldsinc.com"
"Leonards Antiques Inc 973-943-3423 973-582-5469 jbrideau@aol.com 7009 http://www.leonardsantiquesinc.com"
"Meca 419-544-4900 419-573-2033 claribel_varriano@cox.net 43551 http://www.meca.com"
"Nercon Engineering & Mfg Inc 310-579-2907 310-694-8466 benton.skursky@aol.com 90248 http://www.nerconengineeringmfginc.com"
"Replica I 352-242-2570 352-990-5946 hillary.skulski@aol.com 34448 http://www.replicai.com"
"20 20 Printing Inc 408-758-5015 408-346-2180 merilyn_bayless@cox.net 95054 http://www.printinginc.com"
"Publishers Group West 570-889-5187 570-355-1665 tennaco@gmail.com 18201 http://www.publishersgroupwest.com"
"Nischwitz, Jeffrey L Esq 201-588-7810 201-858-9960 merlyn_lawler@hotmail.com 7304 http://www.nischwitzjeffreylesq.com"
"Payne Blades & Wellborn Pa 925-615-5185 925-943-3449 gmontezuma@cox.net 94583 http://www.paynebladeswellbornpa.com"
"Coldwell Bnkr Wright Real Est 908-802-3564 908-602-5258 jmconnell@hotmail.com 8807 http://www.coldwellbnkrwrightrealest.com"
"Computer Repair Service 631-748-6479 631-291-4976 lemuel.latzke@gmail.com 11716 http://www.computerrepairservice.com"
"Fleetwood Building Block Inc 805-690-1682 805-810-8964 mknipp@gmail.com 91362 http://www.fleetwoodbuildingblockinc.com"
"Colts Neck Medical Assocs Inc 908-275-8357 908-943-6103 candida_corbley@hotmail.com 8876 http://www.coltsneckmedicalassocsinc.com"
"New England Taxidermy 503-940-8327 503-707-5812 karan_karpin@gmail.com 97005 http://www.newenglandtaxidermy.com"
"Ludcke, George O Esq 503-516-2189 503-950-3068 andra@gmail.com 97302 http://www.ludckegeorgeoesq.com"
"Mccorkle, Tom S Esq 856-305-9731 856-828-6021 fpoullion@poullion.com 8077 http://www.mccorkletomsesq.com"
"Eagle Software Inc 770-507-8791 770-802-4003 belen_strassner@aol.com 30135 http://www.eaglesoftwareinc.com"
"Juvenile & Adult Super 904-235-3633 904-627-4341 gracia@melnyk.com 32216 http://www.juvenileadultsuper.com"
"Perez, Joseph J Esq 207-458-9196 207-233-6185 jhanafan@gmail.com 4401 http://www.perezjosephjesq.com"
"Case Foundation Co 817-765-5781 817-577-6151 barrett.toyama@toyama.org 76060 http://www.casefoundationco.com"
"Eis Environmental Engrs Inc 716-752-4114 716-854-9845 helga_fredicks@yahoo.com 14228 http://www.eisenvironmentalengrsinc.com"
"Art Crafters 305-670-9628 305-857-5489 apinilla@cox.net 33054 http://www.artcrafters.com"
"Marriott Hotels Resorts Suites 212-313-1783 212-778-3063 fausto_agramonte@yahoo.com 10038 http://www.marriotthotelsresortssuites.com"
"Remaco Inc 215-605-7570 215-511-3531 ronny.caiafa@caiafa.org 19103 http://www.remacoinc.com"
"Bjork, Robert D Jr 850-430-1663 850-330-8079 marge@gmail.com 32536 http://www.bjorkrobertdjr.com"
"Carmichael, Jeffery L Esq 415-306-7897 415-874-2984 norah.waymire@gmail.com 94107 http://www.carmichaeljefferylesq.com"
"Andrews, J Robert Esq 408-504-3552 408-425-1994 aliza@aol.com 95132 http://www.andrewsjrobertesq.com"
"Winship & Byrne 650-947-1215 650-960-1069 mpelkowski@pelkowski.org 94080 http://www.winshipbyrne.com"
"Burton & Davis 818-864-4875 818-481-5787 viola@gmail.com 91325 http://www.burtondavis.com"
"Olympic Graphic Arts 215-558-8189 215-483-3003 femard@emard.com 19103 http://www.olympicgraphicarts.com"
"Magnuson 337-253-8384 337-774-7564 willodean_konopacki@konopacki.org 70506 http://www.magnuson.com"
"A All American Travel Inc 313-533-4884 313-390-7855 beckie.silvestrini@silvestrini.com 48126 http://www.aallamericantravelinc.com"
"Polykote Inc 512-213-8574 512-693-8345 rgesick@gesick.org 78754 http://www.polykoteinc.com"
"Jets Cybernetics 214-428-2285 214-529-1949 frederica_blunk@gmail.com 75207 http://www.jetscybernetics.com"
"Metlab Testing Services 206-697-5796 206-389-1482 glen_bartolet@hotmail.com 98070 http://www.metlabtestingservices.com"
"Kellermann, William T Esq 610-476-3501 610-752-2683 freeman_gochal@aol.com 19320 http://www.kellermannwilliamtesq.com"
"Arturi, Peter D Esq 215-372-1718 215-829-4221 vincent.meinerding@hotmail.com 19143 http://www.arturipeterdesq.com"
"Mcauley Mfg Co 310-858-5079 310-499-4200 rima@cox.net 90248 http://www.mcauleymfgco.com"
"Defur Voran Hanley Radcliff 707-653-8214 707-881-3154 gsarbacher@gmail.com 94928 http://www.defurvoranhanleyradcliff.com"
"Dill Dill Carr & Stonbraker Pc 407-808-9439 407-945-8566 avery@cox.net 32803 http://www.dilldillcarrstonbrakerpc.com"
"Kleensteel 760-971-4322 760-465-4762 cristy@lother.com 92025 http://www.kleensteel.com"
"Goulds Pumps Inc Slurry Pump 508-837-9230 508-504-6388 nicolette_brossart@brossart.com 1581 http://www.gouldspumpsincslurrypump.com"
"Kansas City Insurance Report 936-264-9294 936-988-8171 tracey@hotmail.com 77301 http://www.kansascityinsurancereport.com"
"Berhanu International Foods 414-214-8697 414-411-5744 virgina_tegarden@tegarden.com 53226 http://www.berhanuinternationalfoods.com"
"Roland Ashcroft 626-636-4117 626-638-4241 tfrankel@aol.com 91731 http://www.rolandashcroft.com"
"Hispanic Magazine 914-300-9193 914-654-1426 alaine_bergesen@cox.net 10701 http://www.hispanicmagazine.com"
"Little Sheet Metal Co 214-289-1973 214-785-6750 earleen_mai@cox.net 75227 http://www.littlesheetmetalco.com"
"Holmes, Armstead J Esq 228-235-5615 228-432-4635 leonida@gobern.org 39530 http://www.holmesarmsteadjesq.com"
"Faw, James C Cpa 305-604-8981 305-287-4743 ressie.auffrey@yahoo.com 33134 http://www.fawjamesccpa.com"
"Evans Rule Company 212-304-9225 212-311-6377 jmugnolo@yahoo.com 10048 http://www.evansrulecompany.com"
"Tyee Productions Inc 201-474-4924 201-365-8698 eladia@saulter.com 7446 http://www.tyeeproductionsinc.com"
"Dunnells & Duvall 734-928-5182 734-408-8174 chaya@malvin.com 48103 http://www.dunnellsduvall.com"
"Deltam Systems Inc 631-258-6558 631-295-9879 gwenn_suffield@suffield.org 11729 http://www.deltamsystemsinc.com"
"Hammill Mfg Co 330-791-8557 330-618-2579 skarpel@cox.net 44707 http://www.hammillmfgco.com"
"Sams Corner Store 203-506-4706 203-840-8634 yoko@fishburne.com 6511 http://www.samscornerstore.com"
"Siskin, Mark J Esq 703-322-4041 703-938-7939 taryn.moyd@hotmail.com 22030 http://www.siskinmarkjesq.com"
"Cape & Associates Real Estate 978-626-2978 978-679-7429 katina_polidori@aol.com 1887 http://www.capeassociatesrealestate.com"
"Merrill Lynch 419-693-1334 419-313-5571 rickie.plumer@aol.com 43613 http://www.merrilllynch.com"
"Sublett, Scott Esq 253-660-7821 253-875-9222 alex@loader.com 98409 http://www.sublettscottesq.com"
"Sentry Signs 916-741-7884 916-289-4526 lashon@aol.com 95661 http://www.sentrysigns.com"
"Professionals Unlimited 307-342-7795 307-453-7589 lburnard@burnard.com 82501 http://www.professionalsunlimited.com"
"Southern Steel Shelving Co 207-627-7565 207-297-5029 ceola.setter@setter.org 4864 http://www.southernsteelshelvingco.com"
"Bosco, Paul J 215-491-5633 215-647-2158 my@hotmail.com 18954 http://www.boscopaulj.com"
"Longo, Nicholas J Esq 813-769-2939 813-863-6467 lorrine.worlds@worlds.com 33614 http://www.longonicholasjesq.com"
"Henry County Middle School 619-608-1763 619-695-8086 peggie@cox.net 92020 http://www.henrycountymiddleschool.com"
"Edison Supply & Equipment Co 979-718-8968 979-809-5770 mraymo@yahoo.com 77840 http://www.edisonsupplyequipmentco.com"
"Wolf, Warren R Esq 847-233-3075 847-265-6609 daron_dinos@cox.net 60035 http://www.wolfwarrenresq.com"
"Linguistic Systems Inc 609-228-5265 609-854-7156 an_fritz@hotmail.com 8401 http://www.linguisticsystemsinc.com"
"Peace Christian Center 908-722-7128 908-670-4712 portia.stimmel@aol.com 8807 http://www.peacechristiancenter.com"
"Double B Foods Inc 718-560-9537 718-280-4183 rhea_aredondo@cox.net 11226 http://www.doublebfoodsinc.com"
"Alexander & Alexander Inc 314-787-1588 314-858-4832 bsama@cox.net 63104 http://www.alexanderalexanderinc.com"
"Fairbanks Scales 209-317-1801 209-242-7022 alyce@arias.org 95207 http://www.fairbanksscales.com"
"Cali Sportswear Cutting Dept 973-936-5095 973-822-8827 heike@gmail.com 7424 http://www.calisportswearcuttingdept.com"
"Garofani, John Esq 317-578-2453 317-441-5848 carey_dopico@dopico.org 46220 http://www.garofanijohnesq.com"
"Thompson Fabricating Co 206-540-6076 206-295-5631 dottie@hellickson.org 98133 http://www.thompsonfabricatingco.com"
"Century 21 Krall Real Estate 336-822-7652 336-467-3095 deandrea@yahoo.com 27215 http://www.centurykrallrealestate.com"
"Mid Contntl Rlty & Prop Mgmt 785-629-8542 785-616-1685 kimberlie_duenas@yahoo.com 67601 http://www.midcontntlrltypropmgmt.com"
"Ace Signs Inc 407-471-6908 407-429-2145 martina_staback@staback.com 32822 http://www.acesignsinc.com"
"Rodeway Inn 612-508-2655 612-664-6304 skye_fillingim@yahoo.com 55401 http://www.rodewayinn.com"
"Bonnet & Daughter 803-352-5387 803-975-3405 jade.farrar@yahoo.com 29201 http://www.bonnetdaughter.com"
"Oshins & Gibbons 707-300-1771 707-821-8037 charlene.hamilton@hotmail.com 95407 http://www.oshinsgibbons.com"
"Price Business Services 847-222-1734 847-556-2909 geoffrey@gmail.com 60067 http://www.pricebusinessservices.com"
"Wise, Dennis W Md 949-867-4077 949-903-3898 stevie.westerbeck@yahoo.com 92626 http://www.wisedenniswmd.com"
"Super 8 Motel 303-404-2210 303-794-1341 pamella@fortino.com 80212 http://www.supermotel.com"
"John Wagner Associates 203-801-6193 203-801-8497 hhaufler@hotmail.com 6515 http://www.johnwagnerassociates.com"
"Thrifty Oil Co 425-986-7573 425-700-3751 jengelberg@engelberg.org 98021 http://www.thriftyoilco.com"
"Larkfield Photo 440-989-5826 440-327-2093 buddy.cloney@yahoo.com 44136 http://www.larkfieldphoto.com"
"Silverman Planetarium 603-315-6839 603-745-7497 dalene.riden@aol.com 3865 http://www.silvermanplanetarium.com"
"J & F Lumber 321-518-5938 321-597-2159 jzurcher@zurcher.org 32937 http://www.jflumber.com"
"Cleaning Station Inc 212-792-8658 212-782-3493 hdenooyer@denooyer.org 10016 http://www.cleaningstationinc.com"
"Ames Stationers 714-584-2237 714-698-2170 joseph_cryer@cox.net 92647 http://www.amesstationers.com"
"Midas Muffler Shops 248-913-4677 248-793-4966 deonna_kippley@hotmail.com 48075 http://www.midasmufflershops.com"
"Seaboard Securities Inc 317-825-4724 317-342-1532 raymon.calvaresi@gmail.com 46222 http://www.seaboardsecuritiesinc.com"
"Petersen, James E Esq 940-276-7922 940-302-3036 alecia@aol.com 76301 http://www.petersenjameseesq.com"
"Development Authority 203-721-3388 203-564-1543 mlayous@hotmail.com 6473 http://www.developmentauthority.com"
"Schott Fiber Optics Inc 410-739-9277 410-259-2118 detra@aol.com 21001 http://www.schottfiberopticsinc.com"
"Stuart J Agins 504-463-4384 504-635-8518 terrilyn.rodeigues@cox.net 70130 http://www.stuartjagins.com"
"Mitsumi Electronics Corp 804-550-5097 804-858-1011 slacovara@gmail.com 23219 http://www.mitsumielectronicscorp.com"
"Italian Express Franchise Corp 215-979-8776 215-846-9046 garry_keetch@hotmail.com 18966 http://www.italianexpressfranchisecorp.com"
"American Council On Sci & Hlth 952-651-7597 952-906-4597 mneither@yahoo.com 55379 http://www.americancouncilonscihlth.com"
"Kleri, Patricia S Esq 305-936-8226 305-573-1085 theodora.restrepo@restrepo.com 33136 http://www.kleripatriciasesq.com"
"Twiggs Abrams Blanchard 414-263-5287 414-660-9766 noah.kalafatis@aol.com 53209 http://www.twiggsabramsblanchard.com"
"Maui Research & Technology Pk 732-941-2621 732-445-6940 csweigard@sweigard.com 8873 http://www.mauiresearchtechnologypk.com"
"Bradley Nameplate Corp 701-898-2154 701-421-7080 lavonda@cox.net 58102 http://www.bradleynameplatecorp.com"
"Geonex Martel Inc 775-638-9963 775-578-1214 junita@aol.com 89701 http://www.geonexmartelinc.com"
"Sea Island Div Of Fstr Ind Inc 602-954-5141 602-304-6433 herminia@nicolozakes.org 85254 http://www.seaislanddivoffstrindinc.com"
"Papay, Debbie J Esq 615-390-2251 615-825-4297 casie.good@aol.com 37211 http://www.papaydebbiejesq.com"
"Lane Promotions 410-351-1863 410-951-2667 reena@hotmail.com 21801 http://www.lanepromotions.com"
"Stephen Kennerly Archts Inc Pc 212-870-1286 212-745-6948 mirta_mallett@gmail.com 10004 http://www.stephenkennerlyarchtsincpc.com"
"Business Systems Of Wis Inc 806-703-1435 806-558-5848 cathrine.pontoriero@pontoriero.com 79109 http://www.businesssystemsofwisinc.com"
"Flash, Elena Salerno Esq 323-765-2528 323-842-8226 ftawil@hotmail.com 90016 http://www.flashelenasalernoesq.com"
"Neeley, Gregory W Esq 619-509-5282 619-666-4765 rupthegrove@yahoo.com 91942 http://www.neeleygregorywesq.com"
"Alabama Educational Tv Comm 770-732-1194 770-531-2842 sarah.candlish@gmail.com 30328 http://www.alabamaeducationaltvcomm.com"
"Franz Inc 508-769-5250 508-502-5634 lucy@cox.net 1602 http://www.franzinc.com"
"Plantation Restaurant 269-756-7222 269-431-9464 jaquas@aquas.com 49120 http://www.plantationrestaurant.com"
"Radio Communications Co 973-714-1721 973-976-8627 yvonne.tjepkema@hotmail.com 7004 http://www.radiocommunicationsco.com"
"Dentalaw Divsn Hlth Care 337-740-9323 337-751-2326 kayleigh.lace@yahoo.com 70508 http://www.dentalawdivsnhlthcare.com"
"American Speedy Printing Ctrs 717-491-5643 717-583-1497 felix_hirpara@cox.net 17517 http://www.americanspeedyprintingctrs.com"
"Grayson, Grant S Esq 314-359-9566 314-231-3514 tresa_sweely@hotmail.com 63088 http://www.graysongrantsesq.com"
"Jeanerette Middle School 817-213-8851 817-947-9480 kristeen@gmail.com 76013 http://www.jeanerettemiddleschool.com"
"Haavisto, Brian F Esq 813-932-8715 813-357-7296 jregusters@regusters.com 33619 http://www.haavistobrianfesq.com"
"Wmmt Radio Station 770-679-4752 770-930-9967 renea@hotmail.com 30328 http://www.wmmtradiostation.com"
"Colony Paints Sales Ofc & Plnt 760-938-6069 760-745-2649 olive@aol.com 92234 http://www.colonypaintssalesofcplnt.com"
"Floral Expressions 517-906-1108 517-747-7664 lreiber@cox.net 48933 http://www.floralexpressions.com"
"Casco Services Inc 602-390-4944 602-330-6894 christiane.eschberger@yahoo.com 85034 http://www.cascoservicesinc.com"
"Reuter, Arthur C Jr 207-295-7569 207-748-3722 goldie.schirpke@yahoo.com 4401 http://www.reuterarthurcjr.com"
"Kaminski, Katherine Andritsaki 301-696-6420 301-392-6698 loreta.timenez@hotmail.com 20735 http://www.kaminskikatherineandritsaki.com"
"Sidewinder Products Corp 717-809-3119 717-344-2804 fabiola.hauenstein@hauenstein.org 17404 http://www.sidewinderproductscorp.com"
"General Foam Corporation 972-419-7946 972-898-1033 amie.perigo@yahoo.com 75150 http://www.generalfoamcorporation.com"
"Ikg Borden Divsn Harsco Corp 406-318-1515 406-374-7752 raina.brachle@brachle.org 59701 http://www.ikgbordendivsnharscocorp.com"
"Anchor Computer Inc 973-767-3008 973-563-9502 erinn.canlas@canlas.com 7039 http://www.anchorcomputerinc.com"
"Sebring & Co 248-980-6904 248-697-7722 cherry@lietz.com 48329 http://www.sebringco.com"
"H A C Farm Lines Co Optv Assoc 216-923-3715 216-270-9653 kattie@vonasek.org 44103 http://www.hacfarmlinescooptvassoc.com"
"Hunter, John J Esq 325-631-1560 325-667-7868 lilli@aol.com 79601 http://www.hunterjohnjesq.com"
"Freehold Fence Co 817-526-4408 817-819-7799 whitley.tomasulo@aol.com 76107 http://www.freeholdfenceco.com"
"Binswanger 718-201-3751 718-732-9475 badkin@hotmail.com 11230 http://www.binswanger.com"
"Chilton Malting Co 401-893-4882 401-885-7681 hermila_thyberg@hotmail.com 2903 http://www.chiltonmaltingco.com"
"Schoen, Edward J Jr 717-885-9118 717-686-7564 jesusita.flister@hotmail.com 17601 http://www.schoenedwardjjr.com"
"Helderman, Seymour Cpa 401-948-4982 401-552-9059 caitlin.julia@julia.org 2919 http://www.heldermanseymourcpa.com"
"Denbrook, Myron 305-622-4739 305-302-1135 roosevelt.hoffis@aol.com 33014 http://www.denbrookmyron.com"
"Lippitt, Mike 201-832-4168 201-412-3040 hhalter@yahoo.com 7304 http://www.lippittmike.com"
"Hiram, Hogg P Esq 210-856-4979 210-634-2447 lorean.martabano@hotmail.com 78204 http://www.hiramhoggpesq.com"
"In Travel Agency 718-478-8504 718-853-3740 france.buzick@yahoo.com 11219 http://www.intravelagency.com"
"Newhart Foods Inc 909-993-3242 909-631-5703 jferrario@hotmail.com 91768 http://www.newhartfoodsinc.com"
"Courtyard By Marriott 216-230-4892 216-937-5320 adelina_nabours@gmail.com 44103 http://www.courtyardbymarriott.com"
"Studer, Eugene A Esq 212-304-4515 212-225-9676 ddhamer@cox.net 10013 http://www.studereugeneaesq.com"
"Seashore Supply Co Waretown 804-762-9576 804-808-9574 jerry.dallen@yahoo.com 23219 http://www.seashoresupplycowaretown.com"
"Mayar Silk Inc 706-221-4243 706-616-5131 leota.ragel@gmail.com 30753 http://www.mayarsilkinc.com"
"National Medical Excess Corp 337-515-1438 337-991-8070 jamyot@hotmail.com 70518 http://www.nationalmedicalexcesscorp.com"
"Stero Company 973-544-2677 973-986-4456 aja_gehrett@hotmail.com 7110 http://www.sterocompany.com"
"Hasting, H Duane Esq 607-407-3716 607-350-7690 kirk.herritt@aol.com 13850 http://www.hastinghduaneesq.com"
"Insty Prints 973-412-2995 973-355-2120 leonora@yahoo.com 7055 http://www.instyprints.com"
"Glenridge Manor Mobile Home Pk 208-252-4552 208-793-4108 winfred_brucato@hotmail.com 83843 http://www.glenridgemanormobilehomepk.com"
"Circuit Solution Inc 415-411-1775 415-284-2730 tarra.nachor@cox.net 94104 http://www.circuitsolutioninc.com"
"Local Office 508-942-4186 508-618-7826 corinne@loder.org 2760 http://www.localoffice.com"
"Lee Kilkelly Paulson & Kabaker 248-357-8718 248-811-5696 dulce_labreche@yahoo.com 48307 http://www.leekilkellypaulsonkabaker.com"
"Davis, Maxon R Esq 920-353-6377 920-355-1610 kate_keneipp@yahoo.com 54301 http://www.davismaxonresq.com"
"Garrison, Paul E Esq 410-665-4903 410-773-3862 kaitlyn.ogg@gmail.com 21230 http://www.garrisonpauleesq.com"
"Black History Resource Center 719-669-1664 719-547-9543 sherita.saras@cox.net 80937 http://www.blackhistoryresourcecenter.com"
"Rodriguez, J Christopher Esq 419-588-8719 419-399-1744 lstuer@cox.net 43607 http://www.rodriguezjchristopheresq.com"
"Grant Family Health Center 301-998-9644 301-257-4883 ernest@cox.net 20785 http://www.grantfamilyhealthcenter.com"
"Goeman Wood Products Inc 508-855-9887 508-897-7916 nobuko.halsey@yahoo.com 2745 http://www.goemanwoodproductsinc.com"
"Linhares, Kenneth A Esq 703-483-1970 703-892-2914 lavonna.wolny@hotmail.com 22102 http://www.linhareskennethaesq.com"
"Earnhardt Printing 410-678-2473 410-912-6032 llizama@cox.net 21076 http://www.earnhardtprinting.com"
"H P G Industrys Inc 512-223-4791 512-742-1149 mariann.bilden@aol.com 78753 http://www.hpgindustrysinc.com"
"Bailey Transportation Prod Inc 623-461-8551 623-426-4907 helene@aol.com 85381 http://www.baileytransportationprodinc.com"
"Mcglynn Bliss Pc 419-571-5920 419-488-6648 roselle.estell@hotmail.com 44820 http://www.mcglynnblisspc.com"
"Mutual Fish Co 206-311-4137 206-923-6042 sheintzman@hotmail.com 98032 http://www.mutualfishco.com"
"Yeates, Arthur L Aia 513-617-2362 513-747-9603 margart_meisel@yahoo.com 45251 http://www.yeatesarthurlaia.com"
"Logan, Ronald J Esq 812-368-1511 812-442-8544 kristofer.bennick@yahoo.com 47404 http://www.loganronaldjesq.com"
"Advantage Martgage Company 847-353-2156 847-613-5866 wacuff@gmail.com 60004 http://www.advantagemartgagecompany.com"
"Germer And Gertz Llp 718-232-2337 718-394-4974 shalon@cox.net 11223 http://www.germerandgertzllp.com"
"Spence Law Offices 407-446-4358 407-808-3254 denise@patak.org 32801 http://www.spencelawoffices.com"
"John Ortiz Nts Therapy Center 310-820-2117 310-652-2379 louvenia.beech@beech.com 90210 http://www.johnortizntstherapycenter.com"
"Mike Uchrin Htg & Air Cond Inc 813-797-4816 813-744-7100 audry.yaw@yaw.org 33511 http://www.mikeuchrinhtgaircondinc.com"
"Mccoy, Joy Reynolds Esq 915-452-1290 915-300-6100 kristel.ehmann@aol.com 79925 http://www.mccoyjoyreynoldsesq.com"
"Kbor 1600 Am 619-603-5125 619-935-6661 vzepp@gmail.com 92020 http://www.kboram.com"
"Quality Inn Northwest 301-841-5012 301-591-3034 egwalthney@yahoo.com 20710 http://www.qualityinnnorthwest.com"
"Wallace Church Assoc Inc 714-523-6653 714-663-9740 venita_maillard@gmail.com 92801 http://www.wallacechurchassocinc.com"
"Can Tron 314-732-9131 314-697-3652 kasandra_semidey@semidey.com 63102 http://www.cantron.com"
"Ravaal Enterprises Inc 512-233-1831 512-942-3411 xdiscipio@gmail.com 78664 http://www.ravaalenterprisesinc.com"
"Thompson Steel Company Inc 336-670-2640 336-364-6037 mlinahan@yahoo.com 27409 http://www.thompsonsteelcompanyinc.com"
"Anderson, Mark A Esq 631-443-4710 631-288-2866 krauser@cox.net 11727 http://www.andersonmarkaesq.com"
"Womack & Galich 201-825-2514 201-749-8866 pdubaldi@hotmail.com 7071 http://www.womackgalich.com"
"Valerie & Company 901-412-4381 901-573-9024 linn_paa@paa.com 38112 http://www.valeriecompany.com"
"Gehring Pumps Inc 404-505-4445 404-607-8435 paris@hotmail.com 30342 http://www.gehringpumpsinc.com"
"Haehnel, Craig W Esq 650-473-1262 650-749-9879 wynell_dorshorst@dorshorst.org 94044 http://www.haehnelcraigwesq.com"
"Spoor Behrins Campbell & Young 952-702-7993 952-314-5871 qbirkner@aol.com 55337 http://www.spoorbehrinscampbellyoung.com"
"Ken Jeter Store Equipment Inc 480-726-1280 480-205-5121 regenia.kannady@cox.net 85260 http://www.kenjeterstoreequipmentinc.com"
"Potter, Brenda J Cpa 718-976-8610 718-613-9994 sheron@aol.com 11101 http://www.potterbrendajcpa.com"
"Baird Kurtz & Dobson 770-844-3447 770-584-4119 izetta.funnell@hotmail.com 30340 http://www.bairdkurtzdobson.com"
"Minor, Cynthia A Esq 507-210-3510 507-590-5237 rodolfo@hotmail.com 55057 http://www.minorcynthiaaesq.com"
"Solove, Robert A Esq 203-461-1949 203-938-2557 zona@hotmail.com 6854 http://www.soloverobertaesq.com"
"Mark Ii Imports Inc 260-273-3725 260-382-4869 szagen@aol.com 46802 http://www.markiiimportsinc.com"
"White Sign Div Ctrl Equip Co 601-927-8287 601-249-4511 paz_sahagun@cox.net 39307 http://www.whitesigndivctrlequipco.com"
"M & M Store Fixtures Co Inc 586-970-7380 586-247-1614 markus@yahoo.com 48310 http://www.mmstorefixturescoinc.com"
"Judah Caster & Wheel Co 719-853-3600 719-223-2074 jaclyn@aol.com 80919 http://www.judahcasterwheelco.com"
"Galaxy International Inc 212-745-8484 212-422-5427 cyril_daufeldt@daufeldt.com 10013 http://www.galaxyinternationalinc.com"
"Sigma Corp Of America 510-686-3407 510-441-4055 gschnitzler@gmail.com 94545 http://www.sigmacorpofamerica.com"
"Soward, Anne Esq 773-704-9903 773-359-6109 erick_nievas@aol.com 60624 http://www.sowardanneesq.com"
"Osborne, Michelle M Esq 570-218-4831 570-868-8688 jennie@cox.net 18509 http://www.osbornemichellemesq.com"
"Students In Free Entrprs Natl 530-986-9272 530-399-3254 mscipione@scipione.com 95965 http://www.studentsinfreeentrprsnatl.com"
"Johnson, Robert M Esq 845-823-8877 845-694-7919 cventura@yahoo.com 12771 http://www.johnsonrobertmesq.com"
"Del Charro Apartments 216-600-6111 216-871-6876 galen@yahoo.com 44142 http://www.delcharroapartments.com"
"Legal Search Inc 973-852-2736 973-473-5108 tfeichtner@yahoo.com 7003 http://www.legalsearchinc.com"
"Service Supply Co Inc 907-435-9166 907-770-3542 gail@kitty.com 99501 http://www.servicesupplycoinc.com"
"Sameshima, Douglas J Esq 215-268-1275 215-380-8820 dalene@schoeneck.org 19102 http://www.sameshimadouglasjesq.com"
"Thompson, John Randolph Jr 513-977-7043 513-863-9471 gertude.witten@gmail.com 45217 http://www.thompsonjohnrandolphjr.com"
"E T Balancing Co Inc 310-699-1222 310-955-5788 lizbeth@yahoo.com 90248 http://www.etbalancingcoinc.com"
"Griswold, John E Esq 515-370-7348 515-372-1738 gberray@gmail.com 50315 http://www.griswoldjohneesq.com"
"Acqua Group 610-809-1818 610-378-7332 lashandra@yahoo.com 19406 http://www.acquagroup.com"
"Brooks, Morris J Jr 919-623-2524 919-254-5987 lnewville@newville.com 27601 http://www.brooksmorrisjjr.com"
"Printing Images Corp 509-695-5199 509-595-6485 laurel@yahoo.com 99352 http://www.printingimagescorp.com"
"Roberts Supply Co Inc 914-868-5965 914-883-3061 mireya.frerking@hotmail.com 10803 http://www.robertssupplycoinc.com"
"Vico Products Mfg Co 410-757-1035 410-234-2267 annelle@yahoo.com 21234 http://www.vicoproductsmfgco.com"
"J M Custom Design Millwork 516-847-4418 516-732-6649 dean_ketelsen@gmail.com 11801 http://www.jmcustomdesignmillwork.com"
"Farrell & Johnson Office Equip 508-456-4907 508-658-7802 levi.munis@gmail.com 1603 http://www.farrelljohnsonofficeequip.com"
"Millers Market & Deli 918-644-9555 918-565-1706 sylvie@aol.com 74105 http://www.millersmarketdeli.com"
"Holiday Inn Naperville 231-467-9978 231-265-6940 sharee_maile@aol.com 49442 http://www.holidayinnnaperville.com"
"Burrows, Jon H Esq 337-566-6001 337-255-3427 cordelia_storment@aol.com 70506 http://www.burrowsjonhesq.com"
"Dock Seal Specialty 419-975-3182 419-417-4674 mollie_mcdoniel@yahoo.com 43402 http://www.docksealspecialty.com"
"Five Star Limousines Of Tx Inc 619-461-9984 619-727-3892 brett.mccullan@mccullan.com 91942 http://www.fivestarlimousinesoftxinc.com"
"Barkan, Neal J Esq 203-892-3863 203-918-3939 teddy_pedrozo@aol.com 6610 http://www.barkannealjesq.com"
"Campbell, Robert A 201-920-9002 201-969-7063 tasia_andreason@yahoo.com 7032 http://www.campbellroberta.com"
"Dee, Deanna 330-903-1345 330-566-8898 hubert@walthall.org 44203 http://www.deedeanna.com"
"Young, Timothy L Esq 201-238-5688 201-772-4377 arthur.farrow@yahoo.com 7631 http://www.youngtimothylesq.com"
"Wells, D Fred Esq 616-737-3085 616-568-4113 vberlanga@berlanga.com 49546 http://www.wellsdfredesq.com"
"Gray, Francine H Esq 601-567-5386 601-637-5479 billye_miro@cox.net 39208 http://www.grayfrancinehesq.com"
"Toledo Iv Care 901-640-9178 901-869-4314 glenna_slayton@cox.net 38118 http://www.toledoivcare.com"
"Cangro Transmission Co 303-402-1940 303-997-7760 mitzie_hudnall@yahoo.com 80110 http://www.cangrotransmissionco.com"
"Sat Poly Inc 901-901-4726 901-739-5892 bernardine_rodefer@yahoo.com 38112 http://www.satpolyinc.com"
"Midwest Contracting & Mfg Inc 626-866-2339 626-293-7678 staci_schmaltz@aol.com 91106 http://www.midwestcontractingmfginc.com"
"Print Doctor 773-225-9985 773-857-2231 nichelle_meteer@meteer.com 60657 http://www.printdoctor.com"
"Nordic Group Inc 718-228-5894 718-728-5051 jrhoden@yahoo.com 11103 http://www.nordicgroupinc.com"
"Jackson Millwork Co 509-755-5393 509-847-3352 ettie.hoopengardner@hotmail.com 99352 http://www.jacksonmillworkco.com"
"Harris Corporation 410-890-7866 410-429-4888 eden_jayson@yahoo.com 21202 http://www.harriscorporation.com"
"United Cerebral Palsy Of Ne Pa 973-860-8610 973-605-6492 lynelle_auber@gmail.com 7104 http://www.unitedcerebralpalsyofnepa.com"
"One Day Surgery Center Inc 562-579-6900 562-719-7922 merissa.tomblin@gmail.com 90706 http://www.onedaysurgerycenterinc.com"
"Calaveras Prospect 732-628-9909 732-617-5310 golda_kaniecki@yahoo.com 8755 http://www.calaverasprospect.com"
"Terk, Robert E Esq 973-210-3994 973-491-8723 catarina_gleich@hotmail.com 7834 http://www.terkroberteesq.com"
"Cullen, Terrence P Esq 303-776-7548 303-845-5408 vkiel@hotmail.com 80216 http://www.cullenterrencepesq.com"
"Central Die Casting Mfg Co Inc 757-682-7116 757-940-1741 jolene@yahoo.com 23608 http://www.centraldiecastingmfgcoinc.com"
"Centerline Engineering 602-919-4211 602-442-3092 keneth@yahoo.com 85012 http://www.centerlineengineering.com"
"Targan & Kievit Pa 305-968-9487 305-978-2069 rikki@nayar.com 33155 http://www.targankievitpa.com"
"Riley Riper Hollin & Colagreco 602-896-2993 602-575-3457 elke_sengbusch@yahoo.com 85013 http://www.rileyriperhollincolagreco.com"
"Kaplan, Joel S Esq 386-526-7800 386-599-7296 hoa@sarao.org 32759 http://www.kaplanjoelsesq.com"
"Water Office 415-331-9634 415-419-1597 trinidad_mcrae@yahoo.com 94105 http://www.wateroffice.com"
"Westbrooks, Nelson E Jr 858-793-9684 858-228-5683 mari_lueckenbach@yahoo.com 92110 http://www.westbrooksnelsonejr.com"
"Armon Communications 201-991-8369 201-772-7699 selma.husser@cox.net 7306 http://www.armoncommunications.com"
"Jacobs & Gerber Inc 909-430-7765 909-665-3223 aonofrio@onofrio.com 92410 http://www.jacobsgerberinc.com"
"Forest Fire Laboratory 617-365-2134 617-544-2541 ljurney@hotmail.com 2138 http://www.forestfirelaboratory.com"
"Haughey, Charles Jr 760-291-5497 760-261-4786 clorinda.heimann@hotmail.com 92025 http://www.haugheycharlesjr.com"
"Wheaton Plastic Products 310-510-9713 310-936-2258 dick@yahoo.com 90248 http://www.wheatonplasticproducts.com"
"Reese Plastics 717-528-8996 717-632-5831 ahmed.angalich@angalich.com 17110 http://www.reeseplastics.com"
"Nazette Marner Good Wendt 480-293-2882 480-866-6544 iluminada.ohms@yahoo.com 85204 http://www.nazettemarnergoodwendt.com"
"Levinson Axelrod Wheaton 561-470-4574 561-951-9734 joanna_leinenbach@hotmail.com 33461 http://www.levinsonaxelrodwheaton.com"
"Egnor, W Dan Esq 615-246-1824 615-726-4537 caprice@aol.com 37211 http://www.egnorwdanesq.com"
"Portland Central Thriftlodge 859-717-7638 859-308-4286 stephane_myricks@cox.net 41005 http://www.portlandcentralthriftlodge.com"
"Ulbrich Trucking 734-561-6170 734-851-8571 quentin_swayze@yahoo.com 48160 http://www.ulbrichtrucking.com"
"Tipiak Inc 936-751-7961 936-937-2334 annmarie_castros@gmail.com 77301 http://www.tipiakinc.com"
"Saint George Well Drilling 973-482-2430 973-644-2974 shonda_greenbush@cox.net 7011 http://www.saintgeorgewelldrilling.com"
"Hawkes, Douglas D 201-693-3967 201-856-2720 clapage@lapage.com 7087 http://www.hawkesdouglasd.com"
"Accurel Systems Intrntl Corp 305-988-4162 305-306-7834 jeanice.claucherty@yahoo.com 33142 http://www.accurelsystemsintrntlcorp.com"
"Santa Cruz Community Internet 931-553-9774 931-486-6946 josphine_villanueva@villanueva.com 38575 http://www.santacruzcommunityinternet.com"
"Gersh & Danielson 714-771-3880 714-531-1391 dperruzza@perruzza.com 92705 http://www.gershdanielson.com"
"Cobb, James O Esq 847-633-3216 847-755-9041 cassi.wildfong@aol.com 60008 http://www.cobbjamesoesq.com"
"Wheatley Trucking Company 215-888-3304 215-351-8523 britt@galam.org 19440 http://www.wheatleytruckingcompany.com"
"Systems Graph Inc Ab Dick Dlr 973-654-1561 973-662-8988 adell.lipkin@lipkin.com 7981 http://www.systemsgraphincabdickdlr.com"
"John Hancock Mutl Life Ins Co 814-865-8113 814-481-1700 jacqueline.rowling@yahoo.com 16501 http://www.johnhancockmutllifeinsco.com"
"History Division Of State 801-293-9853 801-892-8781 lonny_weglarz@gmail.com 84115 http://www.historydivisionofstate.com"
"Dimmock, Thomas J Esq 910-922-3672 910-200-7912 lonna_diestel@gmail.com 28301 http://www.dimmockthomasjesq.com"
"Intermed Inc 213-975-8026 213-696-8004 cristal@cox.net 90021 http://www.intermedinc.com"
"Bank Of New York 517-499-2322 517-867-8077 kenneth.grenet@grenet.org 48823 http://www.bankofnewyork.com"
"Sportmaster Intrnatl 315-818-2638 315-474-5570 emclaird@mclaird.com 13501 http://www.sportmasterintrnatl.com"
"W W John Holden Inc 574-656-2800 574-405-1983 ajeanty@gmail.com 46601 http://www.wwjohnholdeninc.com"
"Maccani & Delp 407-312-1691 407-472-1332 sharika.eanes@aol.com 32806 http://www.maccanidelp.com"
"Amazonia Film Project 973-751-9003 973-903-4175 nu@gmail.com 7029 http://www.amazoniafilmproject.com"
"Water & Sewer Department 609-200-8577 609-398-2805 dcomnick@cox.net 8611 http://www.watersewerdepartment.com"
"Switchcraft Inc 608-382-4541 608-302-3387 cecilia_colaizzo@colaizzo.com 53717 http://www.switchcraftinc.com"
"C W D C Metal Fabricators 914-861-9748 914-396-2615 leslie@cox.net 10536 http://www.cwdcmetalfabricators.com"
"Shimotani, Grace T 336-370-5333 336-564-1492 nan@koppinger.com 27401 http://www.shimotanigracet.com"
"Lisatoni, Jean Esq 410-473-1708 410-522-7621 idewar@dewar.com 21217 http://www.lisatonijeanesq.com"
"Ceramic Tile Sales Inc 732-730-2692 732-705-6719 tegan.arceo@arceo.org 8831 http://www.ceramictilesalesinc.com"
"Maiden Craft Inc 830-258-2769 830-919-5991 ruthann@hotmail.com 78028 http://www.maidencraftinc.com"
"Carriage House Cllsn Rpr Inc 847-519-5906 847-740-5304 joni_breland@cox.net 60007 http://www.carriagehousecllsnrprinc.com"
"Video Workshop 732-605-4781 732-724-7251 vrentfro@cox.net 7728 http://www.videoworkshop.com"
"Fresno Tile Center Inc 402-896-5943 402-707-1602 colette.kardas@yahoo.com 68124 http://www.fresnotilecenterinc.com"
"Versatile Sash & Woodwork 703-221-5602 703-874-4248 malcolm_tromblay@cox.net 22003 http://www.versatilesashwoodwork.com"
"Warner Electric Brk & Cltch Co 972-558-1665 972-961-4968 ryan@cox.net 75075 http://www.warnerelectricbrkcltchco.com"
"New York Public Library 212-510-4633 212-428-9538 jess.chaffins@chaffins.org 10016 http://www.newyorkpubliclibrary.com"
"Mccaleb, John A Esq 516-816-1541 516-749-3188 sbourbon@yahoo.com 11791 http://www.mccalebjohnaesq.com"
"United Oil Co Inc 352-598-8301 352-947-6152 nickolas_juvera@cox.net 34429 http://www.unitedoilcoinc.com"
"Irving Foot Center 317-542-6023 317-887-8486 gary_nunlee@nunlee.org 46040 http://www.irvingfootcenter.com"
"Acme Supply Co 816-557-9673 816-329-5565 diane@cox.net 64504 http://www.acmesupplyco.com"
"Mcrae, James L 601-234-9632 601-973-5754 roslyn.chavous@chavous.org 39211 http://www.mcraejamesl.com"
"Mcgraths Seafood 325-869-2649 325-740-3778 glory@yahoo.com 79602 http://www.mcgrathsseafood.com"
"Kummerer, J Michael Esq 408-805-4309 408-997-7490 rasheeda@aol.com 95070 http://www.kummererjmichaelesq.com"
"Stoffer, James M Jr 856-312-2629 856-513-7024 alpha@yahoo.com 8003 http://www.stofferjamesmjr.com"
"North Central Fl Sfty Cncl 510-974-8671 510-509-3496 refugia.jacobos@jacobos.com 94545 http://www.northcentralflsftycncl.com"
"Fiorucci Foods Usa Inc 407-538-5106 407-564-8113 shawnda.yori@yahoo.com 32750 http://www.fioruccifoodsusainc.com"
"Sign All 307-403-1488 307-816-7115 mdelasancha@hotmail.com 82001 http://www.signall.com"
"Sammys Steak Den 516-393-9967 516-407-9573 gilma_liukko@gmail.com 11530 http://www.sammyssteakden.com"
"Dobscha, Stephen F Esq 608-967-7194 608-586-6912 jgabisi@hotmail.com 53715 http://www.dobschastephenfesq.com"
"Morgan Custom Homes 201-431-2989 201-478-8540 lili.paskin@cox.net 7032 http://www.morgancustomhomes.com"
"Olsen Payne & Company 570-648-3035 570-569-2356 loren.asar@aol.com 18518 http://www.olsenpaynecompany.com"
"Cowan & Kelly 858-617-7834 858-732-1884 dorothy@cox.net 92126 http://www.cowankelly.com"
"Johnson, Wes Esq 760-616-5388 760-493-9208 gail_similton@similton.com 92276 http://www.johnsonwesesq.com"
"Icn Pharmaceuticals Inc 609-373-3332 609-826-4990 catalina@hotmail.com 8402 http://www.icnpharmaceuticalsinc.com"
"New England Sec Equip Co Inc 401-465-6432 401-893-1820 lawrence.lorens@hotmail.com 2906 http://www.newenglandsecequipcoinc.com"
"Tippett, Troy M Ii 785-347-1805 785-253-7049 carlee.boulter@hotmail.com 67410 http://www.tippetttroymii.com"
"Atc Contracting 916-920-3571 916-459-2433 tankeny@ankeny.org 95678 http://www.atccontracting.com"
"Pagano, Philip G Esq 386-248-4118 386-208-6976 joles@gmail.com 32114 http://www.paganophilipgesq.com"
"Kwikprint 202-646-7516 202-276-6826 alesia_hixenbaugh@hixenbaugh.org 20001 http://www.kwikprint.com"
"Buergi & Madden Scale 415-423-3294 415-926-6089 lai@gmail.com 94945 http://www.buergimaddenscale.com"
"Inner Label 208-709-1235 208-206-9848 bgillaspie@gillaspie.com 83709 http://www.innerlabel.com"
"Hermar Inc 574-499-1454 574-330-1884 rkampa@kampa.org 46514 http://www.hermarinc.com"
"Simonton Howe & Schneider Pc 308-726-2182 308-250-6987 flo.bookamer@cox.net 69301 http://www.simontonhoweschneiderpc.com"
"Warehouse Office & Paper Prod 206-711-6498 206-395-6284 jbiddy@yahoo.com 98104 http://www.warehouseofficepaperprod.com"
"Affiliated With Travelodge 407-413-4842 407-557-8857 chauncey_motley@aol.com 32804 http://www.affiliatedwithtravelodge.com"
